-- Tablas que se incluyeron en éste backup son: tipificacion_pqrs y maestra_pqrs

CREATE DATABASE  IF NOT EXISTS `workshopvargas` /*!40100 DEFAULT CHARACTER SET utf8mb4 COLLATE utf8mb4_0900_ai_ci */ /*!80016 DEFAULT ENCRYPTION='N' */;
USE `workshopvargas`;
-- MySQL dump 10.13  Distrib 8.0.33, for Win64 (x86_64)
--
-- Host: localhost    Database: workshopvargas
-- ------------------------------------------------------
-- Server version	8.0.33

/*!40101 SET @OLD_CHARACTER_SET_CLIENT=@@CHARACTER_SET_CLIENT */;
/*!40101 SET @OLD_CHARACTER_SET_RESULTS=@@CHARACTER_SET_RESULTS */;
/*!40101 SET @OLD_COLLATION_CONNECTION=@@COLLATION_CONNECTION */;
/*!50503 SET NAMES utf8 */;
/*!40103 SET @OLD_TIME_ZONE=@@TIME_ZONE */;
/*!40103 SET TIME_ZONE='+00:00' */;
/*!40014 SET @OLD_UNIQUE_CHECKS=@@UNIQUE_CHECKS, UNIQUE_CHECKS=0 */;
/*!40014 SET @OLD_FOREIGN_KEY_CHECKS=@@FOREIGN_KEY_CHECKS, FOREIGN_KEY_CHECKS=0 */;
/*!40101 SET @OLD_SQL_MODE=@@SQL_MODE, SQL_MODE='NO_AUTO_VALUE_ON_ZERO' */;
/*!40111 SET @OLD_SQL_NOTES=@@SQL_NOTES, SQL_NOTES=0 */;

--
-- Dumping data for table `ahorros`
--

LOCK TABLES `ahorros` WRITE;
/*!40000 ALTER TABLE `ahorros` DISABLE KEYS */;
INSERT INTO `ahorros` VALUES (1,200,7,'Q',50000,NULL,5000000),(2,200,8,'M',100000,NULL,7000000),(3,200,9,'M',100000,NULL,8000000),(4,200,10,'M',100000,NULL,10000000),(5,200,11,'Q',50000,NULL,15000000),(6,200,12,'Q',50000,NULL,20500000),(7,200,13,'M',100000,NULL,13000000),(8,200,14,'M',100000,NULL,2000000),(9,200,15,'Q',50000,NULL,6500000),(10,200,16,'M',100000,NULL,7800000),(11,200,17,'Q',50000,NULL,3800000),(12,200,18,'M',100000,NULL,8800000),(13,200,19,'Q',50000,NULL,10500000),(14,200,20,'M',100000,NULL,8500000);
/*!40000 ALTER TABLE `ahorros` ENABLE KEYS */;
UNLOCK TABLES;

--
-- Dumping data for table `asociados`
--

LOCK TABLES `asociados` WRITE;
/*!40000 ALTER TABLE `asociados` DISABLE KEYS */;
INSERT INTO `asociados` VALUES (7,'1000007610','GIRALDO  JUTSARA LOPEZ','','2020-03-28','100','200','Q',5000000,'A'),(8,'10000163221','SALINAS PEDROZA STEVE SEBASTIAN','','2020-11-05','101','201','M',6000000,'A'),(9,'1000018025','ROMERO POLANIA DANIEL FELIPE','','2020-10-23','101','201','M',8000000,'A'),(10,'10000233','FAJARDO BELLO JOSE ALID','','2018-06-16','102','202','M',4000000,'A'),(11,'40020243','VALIENTE ACUÑA LINA MARCELA','','2020-08-23','100','200','Q',5500000,'A'),(12,'1000035020','CARDENAS  CAMILO GONZALEZ','','2019-07-18','100','200','Q',6800000,'A'),(13,'1000048944','MARTINEZ  MARIANA VELEZ','','2020-12-23','102','202','M',7100000,'A'),(14,'50710607','NIETO CAMPO LINA MARCELA','','2020-12-23','101','201','M',5800000,'A'),(15,'5077378','PARRA TERNERA GLENDYS PAOLA','','2010-11-23','100','200','Q',3800000,'A'),(16,'50850427','TOVAR VALENCIA DARLY DALILA','','2013-09-15','102','202','M',2650000,'A'),(17,'50850495','RUEDA ROBAYO NICOLAS ALEJANDRO','','2019-04-30','100','200','Q',4350000,'R'),(18,'50851144','TABORDA BERNAL MARIA TERESA','','2021-06-01','102','202','M',5320000,'A'),(19,'50851197','BETANCUR  DUVIER HERNANDEZ','','2022-08-23','100','200','Q',3850000,'A'),(20,'20273677','BONILLA ARBELAEZ RONALD ALEJANDRO','','2017-01-23','101','201','M',5225000,'A');
/*!40000 ALTER TABLE `asociados` ENABLE KEYS */;
UNLOCK TABLES;

--
-- Dumping data for table `ciudad`
--

LOCK TABLES `ciudad` WRITE;
/*!40000 ALTER TABLE `ciudad` DISABLE KEYS */;
INSERT INTO `ciudad` VALUES ('10000','LA PLATA','170'),('20000','CHILE','171'),('66001','BOGOTA','169'),('76001','CALI','169');
/*!40000 ALTER TABLE `ciudad` ENABLE KEYS */;
UNLOCK TABLES;

--
-- Dumping data for table `cliente`
--

LOCK TABLES `cliente` WRITE;
/*!40000 ALTER TABLE `cliente` DISABLE KEYS */;
INSERT INTO `cliente` VALUES (1,'0','C','','','','','AMINISTRADOR','',NULL,'169','66001','ADMIN'),(2,'2233','C','VARGAS','MORENO','LEIDY','ANDREA','','F','1983-06-23','169','66001','ADMIN'),(3,'892115006','N','','','','','COLPENSIONES','',NULL,'171','20000','ADMIN'),(4,'900013167','N','','','','','ASOCIACION COLOMBIANA DE AVIADORES CIVILES','',NULL,'169','66001','ADMIN'),(5,'900017447','N','','','','','FONDO SOCIAL DEL CONGRESO DE LA REPUBLIC','',NULL,'169','66001','ADMIN'),(6,'860045904','N','','','','','FEMSA','',NULL,'170','10000','ADMIN'),(7,'900046561','N','','','','','FONDO DE EMPLEADOS MI FONDO','',NULL,'169','66001','ADMIN'),(8,'1000007453','C','SOLARTE','QUINTERO','BAIRON','NICOLAS','','M','1995-05-18','169','76001','ADMIN'),(9,'1000007610','R','GIRALDO','','JUTSARA','LOPEZ','','M','1998-10-01','169','66001','ADMIN'),(10,'10000163221','T','SALINAS','PEDROZA','STEVE','SEBASTIAN','','M','1993-02-12','171','20000','ADMIN'),(11,'1000018025','C','ROMERO','POLANIA','DANIEL','FELIPE','','M','1993-02-13','169','76001','ADMIN'),(12,'10000233','C','FAJARDO','BELLO','JOSE','ALID','','M','1996-06-15','169','76001','ADMIN'),(13,'40020243','C','VALIENTE','ACUÑA','LINA','MARCELA','','F','1993-12-25','170','10000','ADMIN'),(14,'1000035020','R','CARDENAS','GONZALEZ','CAMILO','','','M','1994-02-02','171','20000','ADMIN'),(15,'1000048944','T','MARTINEZ','VELEZ','MARIANA','','','F','1994-04-10','169','66001','ADMIN'),(16,'50710607','C','NIETO','CAMPO','LINA','MARCELA','','F','1998-04-18','169','76001','ADMIN'),(17,'5077378','C','PARRA','TERNERA','GLENDYS','PAOLA','','F','1993-04-18','169','66001','ADMIN'),(18,'50850427','C','TOVAR','VALENCIA','DARLY','DALILA','','F','1995-01-01','169','76001','ADMIN'),(19,'50850495','C','RUEDA','ROBAYO','NICOLAS','ALEJANDRO','','M','1991-12-29','169','66001','ADMIN'),(20,'50851144','C','TABORDA','BERNAL','MARIA','TERESA','','F','1984-04-18','169','76001','ADMIN'),(21,'50851197','C','BETANCUR','','DUVIER','','','M','1988-06-29','169','66001','ADMIN'),(22,'20273677','C','BONILLA','ARBELAEZ','RONALD','ALEJANDRO','','M','1989-09-12','170','10000','ADMIN');
/*!40000 ALTER TABLE `cliente` ENABLE KEYS */;
UNLOCK TABLES;

--
-- Dumping data for table `cliente_log`
--

LOCK TABLES `cliente_log` WRITE;
/*!40000 ALTER TABLE `cliente_log` DISABLE KEYS */;
/*!40000 ALTER TABLE `cliente_log` ENABLE KEYS */;
UNLOCK TABLES;

--
-- Dumping data for table `contabilidad`
--

LOCK TABLES `contabilidad` WRITE;
/*!40000 ALTER TABLE `contabilidad` DISABLE KEYS */;
INSERT INTO `contabilidad` VALUES ('11100501','BANCO','D','ADMIN'),('14500505','CREDITO','D','ADMIN'),('21100201','AHORROS','C','ADMIN'),('27500103','TRANSITORIA CONTABLE','C','ADMIN'),('31100505','APORTES','C','ADMIN'),('41250101','INGRESO','C','ADMIN');
/*!40000 ALTER TABLE `contabilidad` ENABLE KEYS */;
UNLOCK TABLES;

--
-- Dumping data for table `credito`
--

LOCK TABLES `credito` WRITE;
/*!40000 ALTER TABLE `credito` DISABLE KEYS */;
INSERT INTO `credito` VALUES (1,7,'500','2023-07-19','100',80000000,666666,120,73333333),(2,8,'500','2023-07-19','102',18000000,300000,60,13500000),(3,9,'500','2023-07-19','100',120000000,1000000,120,80000000),(4,10,'500','2023-07-19','101',16000000,266666,60,10666666),(5,11,'500','2023-07-19','102',10000000,217391,46,3913043),(6,17,'500','2023-07-19','102',8000000,222222,36,3555555),(7,18,'500','2023-07-19','101',20000000,333333,60,8333333),(8,19,'500','2023-07-19','102',5000000,416666,12,4166666);
/*!40000 ALTER TABLE `credito` ENABLE KEYS */;
UNLOCK TABLES;

--
-- Dumping data for table `credito_log`
--

LOCK TABLES `credito_log` WRITE;
/*!40000 ALTER TABLE `credito_log` DISABLE KEYS */;
/*!40000 ALTER TABLE `credito_log` ENABLE KEYS */;
UNLOCK TABLES;

--
-- Dumping data for table `det_contable`
--

LOCK TABLES `det_contable` WRITE;
/*!40000 ALTER TABLE `det_contable` DISABLE KEYS */;
INSERT INTO `det_contable` VALUES (1,'OB','11100501',2023,1,NULL,'DESEMBOLSO CREDITO',0,80000000,'2023-07-19','N'),(2,'OB','11100501',2023,2,NULL,'DESEMBOLSO CREDITO',0,18000000,'2023-07-19','N'),(3,'OB','11100501',2023,3,NULL,'DESEMBOLSO CREDITO',0,120000000,'2023-07-19','N'),(4,'OB','11100501',2023,4,NULL,'DESEMBOLSO CREDITO',0,16000000,'2023-07-19','N'),(5,'OB','11100501',2023,5,NULL,'DESEMBOLSO CREDITO',0,10000000,'2023-07-19','N'),(6,'OB','11100501',2023,6,NULL,'DESEMBOLSO CREDITO',0,8000000,'2023-07-19','N'),(7,'OB','11100501',2023,7,NULL,'DESEMBOLSO CREDITO',0,20000000,'2023-07-19','N'),(8,'OB','11100501',2023,8,NULL,'DESEMBOLSO CREDITO',0,5000000,'2023-07-19','N'),(9,'OB','27500103',2023,1,NULL,'DESEMBOLSO CREDITO',80000000,0,'2023-07-19','N'),(10,'OB','27500103',2023,2,NULL,'DESEMBOLSO CREDITO',18000000,0,'2023-07-19','N'),(11,'OB','27500103',2023,3,NULL,'DESEMBOLSO CREDITO',120000000,0,'2023-07-19','N'),(12,'OB','27500103',2023,4,NULL,'DESEMBOLSO CREDITO',16000000,0,'2023-07-19','N'),(13,'OB','27500103',2023,5,NULL,'DESEMBOLSO CREDITO',10000000,0,'2023-07-19','N'),(14,'OB','27500103',2023,6,NULL,'DESEMBOLSO CREDITO',8000000,0,'2023-07-19','N'),(15,'OB','27500103',2023,7,NULL,'DESEMBOLSO CREDITO',20000000,0,'2023-07-19','N'),(16,'OB','27500103',2023,8,NULL,'DESEMBOLSO CREDITO',5000000,0,'2023-07-19','N'),(17,'AP','31100505',2023,NULL,1,'CONTABILIZACION DE APORTES',50000,0,'2023-07-19','N'),(18,'AP','31100505',2023,NULL,2,'CONTABILIZACION DE APORTES',100000,0,'2023-07-19','N'),(19,'AP','31100505',2023,NULL,3,'CONTABILIZACION DE APORTES',100000,0,'2023-07-19','N'),(20,'AP','31100505',2023,NULL,4,'CONTABILIZACION DE APORTES',100000,0,'2023-07-19','N'),(21,'AP','31100505',2023,NULL,5,'CONTABILIZACION DE APORTES',50000,0,'2023-07-19','Y'),(22,'AP','31100505',2023,NULL,6,'CONTABILIZACION DE APORTES',50000,0,'2023-07-19','N'),(23,'AP','31100505',2023,NULL,7,'CONTABILIZACION DE APORTES',100000,0,'2023-07-19','N'),(24,'AP','31100505',2023,NULL,8,'CONTABILIZACION DE APORTES',100000,0,'2023-07-19','Y'),(25,'AP','31100505',2023,NULL,9,'CONTABILIZACION DE APORTES',50000,0,'2023-07-19','N'),(26,'AP','31100505',2023,NULL,10,'CONTABILIZACION DE APORTES',100000,0,'2023-07-19','N'),(27,'AP','31100505',2023,NULL,11,'CONTABILIZACION DE APORTES',50000,0,'2023-07-19','N'),(28,'AP','31100505',2023,NULL,12,'CONTABILIZACION DE APORTES',100000,0,'2023-07-19','N'),(29,'AP','31100505',2023,NULL,13,'CONTABILIZACION DE APORTES',50000,0,'2023-07-19','N'),(30,'AP','31100505',2023,NULL,14,'CONTABILIZACION DE APORTES',100000,0,'2023-07-19','N'),(31,'AP','11100501',2023,NULL,1,'CONTABILIZACION DE APORTES',0,50000,'2023-07-19','N'),(32,'AP','11100501',2023,NULL,2,'CONTABILIZACION DE APORTES',0,100000,'2023-07-19','N'),(33,'AP','11100501',2023,NULL,3,'CONTABILIZACION DE APORTES',0,100000,'2023-07-19','N'),(34,'AP','11100501',2023,NULL,4,'CONTABILIZACION DE APORTES',0,100000,'2023-07-19','N'),(35,'AP','11100501',2023,NULL,5,'CONTABILIZACION DE APORTES',0,50000,'2023-07-19','Y'),(36,'AP','11100501',2023,NULL,6,'CONTABILIZACION DE APORTES',0,50000,'2023-07-19','N'),(37,'AP','11100501',2023,NULL,7,'CONTABILIZACION DE APORTES',0,100000,'2023-07-19','N'),(38,'AP','11100501',2023,NULL,8,'CONTABILIZACION DE APORTES',0,100000,'2023-07-19','Y'),(39,'AP','11100501',2023,NULL,9,'CONTABILIZACION DE APORTES',0,50000,'2023-07-19','N'),(40,'AP','11100501',2023,NULL,10,'CONTABILIZACION DE APORTES',0,100000,'2023-07-19','N'),(41,'AP','11100501',2023,NULL,11,'CONTABILIZACION DE APORTES',0,50000,'2023-07-19','N'),(42,'AP','11100501',2023,NULL,12,'CONTABILIZACION DE APORTES',0,100000,'2023-07-19','N'),(43,'AP','11100501',2023,NULL,13,'CONTABILIZACION DE APORTES',0,50000,'2023-07-19','N'),(44,'AP','11100501',2023,NULL,14,'CONTABILIZACION DE APORTES',0,100000,'2023-07-19','N');
/*!40000 ALTER TABLE `det_contable` ENABLE KEYS */;
UNLOCK TABLES;

--
-- Dumping data for table `det_contable_log`
--

LOCK TABLES `det_contable_log` WRITE;
/*!40000 ALTER TABLE `det_contable_log` DISABLE KEYS */;
/*!40000 ALTER TABLE `det_contable_log` ENABLE KEYS */;
UNLOCK TABLES;

--
-- Dumping data for table `det_contable_log_up`
--

LOCK TABLES `det_contable_log_up` WRITE;
/*!40000 ALTER TABLE `det_contable_log_up` DISABLE KEYS */;
/*!40000 ALTER TABLE `det_contable_log_up` ENABLE KEYS */;
UNLOCK TABLES;

--
-- Dumping data for table `direcciones`
--

LOCK TABLES `direcciones` WRITE;
/*!40000 ALTER TABLE `direcciones` DISABLE KEYS */;
INSERT INTO `direcciones` VALUES (1,1,'CL 105  No 14    140','C','3131110','171','66001','paola.gomez@fonalianza.co'),(2,2,'MZ 1 CA 31 ','C','3046832796','169','66001','teslalove5ong2015@gmail.com'),(3,3,'MZ 9 CA 29','C','3059217337','169','66001','valentinacruzv.28@gmail.com'),(4,4,'CR 36 D 9 56','C','3046718605','170','10000','angelikruiz35@gmail.com'),(5,5,'AK 7 32 33 SANTA FE','C','4565667','169','66001','ddfdlikruiz35@gmail.com'),(6,6,'MZ 5 CA 29','C','3165516585','169','76001','moniksoto43@gmail.com'),(7,7,'CR 23 30 62','C','318823661','169','66001','eyderplata@gmail.com'),(8,8,'CL 7 150 32','L','5215478','171','20000','danielricoalzate@gmail.com'),(9,8,'CR 6 9 51','R','3137921054','171','20000','danielricoalzate@gmail.com'),(10,9,'CR 42 BB CL 48 C SUR 186','R','3043301706','169','76001','shecar1202@hotmail.com'),(11,10,'CR 46 21 BIS 220','R','3002055021','169','76001','lizpavabe@hotmail.com'),(12,11,'CR 89 C 40 04','R','5567788','170','10000','heidysantana2525@gmail.com'),(13,12,'CL 139 59 32','L','8512012','171','20000','ofevsluis@gmail.com'),(14,12,'CR 35 C 73 50','R','3118907426','171','20000','ofevsluis@gmail.com'),(15,13,'CR 26 C 77 59','L','3172198018','169','66001','gicarlos1999@gmail.com'),(16,14,'CR 17 C 59 A 46','R','3015829847','169','66001','geral2096jimenez@gmail.com'),(17,15,'CL 120 110 95','L','2545878','169','66001','lmirandaguerra@outlook.com'),(18,15,'CR 57 48 23','R','5567890','169','66001','lmirandaguerra@outlook.com'),(19,16,'CL 25 8 46','R','6200214','169','76001','annetorres2694@gmail.com'),(20,17,'MZ 27 CA 18','C','3115003023','169','66001','marthaquesada311500@gmail.com'),(21,18,'CL 105 14 140','L','8745487','169','76001','joseynataly0920@gmail.com'),(22,19,'MZ 2 CA 16','L','3127420270','169','66001','tatianaocampo.m@gmail.com'),(23,20,'AV CL 26 73 50','L','1254125','170','10000','alejandrambar98@gmail.com'),(24,21,'AK 68  No 72  - 43','C','8572940','169','66001','sdsf@gmail.com');
/*!40000 ALTER TABLE `direcciones` ENABLE KEYS */;
UNLOCK TABLES;

--
-- Dumping data for table `dominios`
--

LOCK TABLES `dominios` WRITE;
/*!40000 ALTER TABLE `dominios` DISABLE KEYS */;
INSERT INTO `dominios` VALUES (1,'i_tipdoc','N','Nit'),(2,'i_tipdoc','C','Cedula'),(3,'i_tipdoc','R','Registro Civil'),(4,'i_tipdoc','T','Tajeta de Identidad'),(5,'i_tipdoc','O','Cedula de estranjeria'),(6,'i_sexo','F','Femenino'),(7,'i_sexo','M','Masculino'),(8,'i_sexo','O','Otro'),(9,'i_direccion','C','Comercial'),(10,'i_direccion','R','Residencial'),(11,'i_direccion','L','Laboral'),(12,'i_activo','Y','Yes(Si)'),(13,'i_activo','N','No (No)'),(14,'i_estado','A','Activo'),(15,'i_estado','R','Retirado'),(16,'i_periodicidad','Q','Quincenal'),(17,'i_periodicidad','M','Mensual');
/*!40000 ALTER TABLE `dominios` ENABLE KEYS */;
UNLOCK TABLES;

--
-- Dumping data for table `empresas`
--

LOCK TABLES `empresas` WRITE;
/*!40000 ALTER TABLE `empresas` DISABLE KEYS */;
INSERT INTO `empresas` VALUES ('200','FEMSA','Q','Y',6),('201','VENTANILLA','M','Y',7),('202','COLPENSIONES','M','Y',3);
/*!40000 ALTER TABLE `empresas` ENABLE KEYS */;
UNLOCK TABLES;

--
-- Dumping data for table `maestra_pqrs`
--

LOCK TABLES `maestra_pqrs` WRITE;
/*!40000 ALTER TABLE `maestra_pqrs` DISABLE KEYS */;
INSERT INTO `maestra_pqrs` VALUES (1,'100','200','SOLICITUD DE ESTADO DE CUENTA','ADMIN'),(2,'103','203','FELICITACIONES AL SERVICIO','ADMIN');
/*!40000 ALTER TABLE `maestra_pqrs` ENABLE KEYS */;
UNLOCK TABLES;

--
-- Dumping data for table `modalidades_cred`
--

LOCK TABLES `modalidades_cred` WRITE;
/*!40000 ALTER TABLE `modalidades_cred` DISABLE KEYS */;
INSERT INTO `modalidades_cred` VALUES ('100','VIVIENDA','Y'),('101','VEHICULO','Y'),('102','LIBRE INVERSION','Y');
/*!40000 ALTER TABLE `modalidades_cred` ENABLE KEYS */;
UNLOCK TABLES;

--
-- Dumping data for table `pais`
--

LOCK TABLES `pais` WRITE;
/*!40000 ALTER TABLE `pais` DISABLE KEYS */;
INSERT INTO `pais` VALUES ('169','COLOMBIA'),('170','ARGENTINA'),('171','CHILE');
/*!40000 ALTER TABLE `pais` ENABLE KEYS */;
UNLOCK TABLES;

--
-- Dumping data for table `tipificacion_pqrs`
--

LOCK TABLES `tipificacion_pqrs` WRITE;
/*!40000 ALTER TABLE `tipificacion_pqrs` DISABLE KEYS */;
INSERT INTO `tipificacion_pqrs` VALUES (1,'100','SOLICITUD DE INFORMACION','200','CERTIFICADOS','ADMIN'),(2,'101','QUEJA','201','INCONFORMIDAD','ADMIN'),(3,'102','SUGERENCIAS','202','VARIAS','ADMIN'),(4,'103','OTRA','203','OTRAS RAZONES','ADMIN');
/*!40000 ALTER TABLE `tipificacion_pqrs` ENABLE KEYS */;
UNLOCK TABLES;

--
-- Dumping data for table `tipo_documentos`
--

LOCK TABLES `tipo_documentos` WRITE;
/*!40000 ALTER TABLE `tipo_documentos` DISABLE KEYS */;
INSERT INTO `tipo_documentos` VALUES ('200','Aportes','AP','C'),('201','Ahorros','AH','C'),('300','Poliza Seguro de Vida','CC','D'),('400','Excedentes','CP','D'),('500','Creditos','OB','C');
/*!40000 ALTER TABLE `tipo_documentos` ENABLE KEYS */;
UNLOCK TABLES;

--
-- Dumping data for table `tipoaso`
--

LOCK TABLES `tipoaso` WRITE;
/*!40000 ALTER TABLE `tipoaso` DISABLE KEYS */;
INSERT INTO `tipoaso` VALUES ('100','NOMINA','Y'),('101','VENTANILLA','Y'),('102','PENSIONADO','Y');
/*!40000 ALTER TABLE `tipoaso` ENABLE KEYS */;
UNLOCK TABLES;

--
-- Dumping data for table `usuarios`
--

LOCK TABLES `usuarios` WRITE;
/*!40000 ALTER TABLE `usuarios` DISABLE KEYS */;
INSERT INTO `usuarios` VALUES ('ADMIN','Administrador','123456','Y',1);
/*!40000 ALTER TABLE `usuarios` ENABLE KEYS */;
UNLOCK TABLES;
/*!40103 SET TIME_ZONE=@OLD_TIME_ZONE */;

/*!40101 SET SQL_MODE=@OLD_SQL_MODE */;
/*!40014 SET FOREIGN_KEY_CHECKS=@OLD_FOREIGN_KEY_CHECKS */;
/*!40014 SET UNIQUE_CHECKS=@OLD_UNIQUE_CHECKS */;
/*!40101 SET CHARACTER_SET_CLIENT=@OLD_CHARACTER_SET_CLIENT */;
/*!40101 SET CHARACTER_SET_RESULTS=@OLD_CHARACTER_SET_RESULTS */;
/*!40101 SET COLLATION_CONNECTION=@OLD_COLLATION_CONNECTION */;
/*!40111 SET SQL_NOTES=@OLD_SQL_NOTES */;

-- Dump completed on 2023-07-30 20:34:46
